[
  {
    "title": "ITTTTTTTT",
    "author": "Stephen King",
    "id": 1
  },
  {
    "title": "Angels and Demonssss",
    "author": "Dan Brownnn",
    "id": 2
  },
  {
    "title": "100 anios de Soledad",
    "author": "Gabriel Garcia",
    "id": 4
  },
  {
    "title": "100 anios de Soledad",
    "author": "Gabriel Garcia",
    "id": 5
  },
  {
    "title": "Mi planta naranja lima",
    "author": "Jose Vasconcelos",
    "id": 6
  },
  {
    "title": "Rosaura",
    "author": "Jose Vasconcelos",
    "id": 7
  }
]